{
	"resource_pack_name": "vanilla",
	"texture_name": "atlas.terrain",
	"padding": 8,
	"num_mip_levels": 4,
	"texture_data": {
		"tunnel_light_south": {
			"textures": "textures/blocks/tunnel_light_south.png"
		},
		"tunnel_light": {
			"textures": "textures/blocks/tunnel_light.png"
		},
		"snacks": {
			"textures": "textures/blocks/snacks.png"
		},
		"collection_area": {
			"textures": "textures/blocks/collection_area.png"
		},
		"scanning_area": {
			"textures": "textures/blocks/scanning_area.png"
		},
		"conveyor": {
			"textures": "textures/blocks/conveyor.png"
		},
		"conveyor_end": {
			"textures": "textures/blocks/conveyor_end.png"
		},
		"shop_shelf_south": {
			"textures": "textures/blocks/shop_shelf_south.png"
		},
		"shop_shelf_left": {
			"textures": "textures/blocks/shop_shelf_left.png"
		},
		"shop_shelf_right": {
			"textures": "textures/blocks/shop_shelf_right.png"
		},
		"shop_shelf": {
			"textures": "textures/blocks/shop_shelf.png"
		},
		"market_floor": {
			"textures": "textures/blocks/market_floor.png"
		},
		"white": {
			"textures": "textures/blocks/white.png"
		},
		"24.7": {
			"textures": "textures/blocks/24.7.png"
		},
		"market": {
			"textures": "textures/blocks/market.png"
		},
		"a": {
			"textures": "textures/blocks/a.png"
		},
		"m": {
			"textures": "textures/blocks/m.png"
		},
		"strong_light": {
			"textures": "textures/blocks/strong_light.png"
		},
		"roof_tiles": {
			"textures": "textures/blocks/roof_tiles.png"
		},
		"library": {
			"textures": "textures/blocks/library.png"
		},
		"bar_light": {
			"textures": "textures/blocks/bar_light.png"
		}
	}
}