{
  "format_version": "1.10.0",
  "particle_effect": {
    "description": {
      "identifier": "minecraft:mobflame_emitter",
      "basic_render_parameters": {
        "material": "particles_alpha",
        "texture": "textures/flame_atlas"
      }
    },
    "components": {
      "minecraft:emitter_rate_steady": {
        "spawn_rate": 0,
        "max_particles": 0
      },
      "minecraft:emitter_lifetime_expression": {
        "activation_expression": 1,
        "expiration_expression": 0
      },
      "minecraft:emitter_shape_entity_aabb": {
        "direction": [ 0, 1, 0 ]
      },
      "minecraft:particle_initial_speed": "Math.random(0, 1)",
      "minecraft:particle_lifetime_expression": {
        "max_lifetime": 1.25
      },
      "minecraft:particle_motion_dynamic": {
        "linear_acceleration": [ 0, 1.0, 0 ],
        "linear_drag_coefficient": 0.0
      },
      "minecraft:particle_appearance_billboard": {
        "size": [ 0.5, 0.5 ],
        "facing_camera_mode": "lookat_xyz",
        "uv": {
          "texture_width": 1,
          "texture_height": 32,
          "flipbook": {
            "base_UV": [ 0, 0 ],
            "size_UV": [ 1, 1 ],
            "step_UV": [ 0, 1 ],
            "frames_per_second": 32,
            "max_frame": 32,
            "stretch_to_lifetime": true,
            "loop": false
          }
        }
      }
    }
  }
}
