{
  "format_version": "1.10.0",
  "particle_effect": {
    "description": {
      "identifier": "minecraft:note_particle",
      "basic_render_parameters": {
        "material": "particles_alpha",
        "texture": "textures/particle/particles"
      }
    },
    "components": {
      "minecraft:emitter_rate_instant": {
        "num_particles": 0
      },
      "minecraft:emitter_lifetime_once": {
        "active_time": 0
      },
      "minecraft:emitter_shape_sphere": {
        "radius": 0.025,
        "direction": [ 0, 1.0, 0 ]
      },
      "minecraft:particle_initial_speed": 2.5,
      "minecraft:particle_lifetime_expression": {
        "max_lifetime": 0.3
      },
      "minecraft:particle_motion_dynamic": {
        "linear_drag_coefficient": 2.5
      },
      "minecraft:particle_appearance_billboard": {
        "size": [
          "(0.1 + variable.particle_random_1*0.05)",
          "(0.1 + variable.particle_random_1*0.05)"
        ],
        "facing_camera_mode": "lookat_xyz",
        "uv": {
          "texture_width": 128,
          "texture_height": 128,
          "uv": [ 0, 32 ],
          "uv_size": [ 8, 8 ]
        }
      },
      "minecraft:particle_appearance_tinting": {
        "color": [
          "variable.note_color.r",
          "variable.note_color.g",
          "variable.note_color.b"
        ]
      },
      "minecraft:particle_appearance_lighting": {}
    }
  }
}
