{
  "format_version": "1.10.0",
  "particle_effect": {
    "description": {
      "identifier": "minecraft:spore_blossom_ambient_particle",
      "basic_render_parameters": {
        "material": "particles_alpha",
        "texture": "textures/particle/particles"
      }
    },
    "components": {
      "minecraft:emitter_shape_custom": {
        "offset": [ "Math.random(-10.0, 10.0)", "Math.random(-10.0, 0.0)", "Math.random(-10.0, 10.0)" ],
        "direction": [ "Math.random(-1.0, 1.0)", "Math.random(-0.4, 0.2)", "Math.random(-1.0, 1.0)"]
      },
      "minecraft:emitter_rate_manual": {
        "max_particles": 0
      },
      "minecraft:emitter_lifetime_expression": {
        "activation_expression": 1,
        "expiration_expression": 0
      },
      "minecraft:particle_initial_speed": "Math.random(2.0, 3.0)",
      "minecraft:particle_lifetime_expression": {
        "max_lifetime": "Math.random(20, 40)"
      },
      "minecraft:particle_motion_dynamic": {
        "linear_acceleration": [ 0, -0.005, 0 ]
      },
      "minecraft:particle_appearance_billboard": {
        "size": [0.15, 0.15],
        "facing_camera_mode": "lookat_xyz",
        "uv": {
          "texture_width": 128,
          "texture_height": 128,
          "uv": [ 8, 56 ],
          "uv_size": [ 8, 8 ]
        }
      },
      "minecraft:particle_appearance_tinting": {
        "color": [ 0.32, 0.50, 0.22 ]
      },
      "minecraft:particle_appearance_lighting": {}
    }
  }
}