{
	"tunnel_light_south": {
		"sound": "stone"
	},
	"tunnel_light": {
		"sound": "stone"
	},
	"snacks": {
		"sound": "stone"
	},
	"collection_area": {
		"sound": "stone"
	},
	"scanning_area": {
		"sound": "stone"
	},
	"conveyor": {
		"sound": "stone"
	},
	"conveyor_end": {
		"sound": "stone"
	},
	"shop_shelf_south": {
		"sound": "stone"
	},
	"shop_shelf_left": {
		"sound": "stone"
	},
	"shop_shelf_right": {
		"sound": "stone"
	},
	"shop_shelf": {
		"sound": "stone"
	},
	"market_floor": {
		"sound": "stone"
	},
	"white": {
		"sound": "snow"
	},
	"24.7": {
		"sound": "stone"
	},
	"market": {
		"sound": "stone"
	},
	"a": {
		"sound": "stone"
	},
	"m": {
		"sound": "stone"
	},
	"strong_light": {
		"sound": "lantern"
	},
	"roof_tiles": {
		"sound": "stone"
	},
	"library": {
		"sound": "stone"
	},
	"bar_light": {
		"sound": "lantern"
	}
}