{
	"format_version": "1.19.0",
	"minecraft:geometry": [
		{
			"description": {
				"identifier": "geometry.24.7",
				"texture_width": 64,
				"texture_height": 64,
				"visible_bounds_width": 3,
				"visible_bounds_height": 2.5,
				"visible_bounds_offset": [0, 0.75, 0]
			},
			"bones": [
				{
					"name": "block",
					"pivot": [0, 0, 0],
					"cubes": [
						{
							"origin": [-15, 0, 7],
							"size": [30, 16, 1],
							"uv": {
								"north": {"uv": [0, 0], "uv_size": [30, 16]},
								"east": {"uv": [30, 2], "uv_size": [1, 16]},
								"south": {"uv": [0, 16], "uv_size": [30, 16]},
								"west": {"uv": [30, 18], "uv_size": [1, 16]},
								"up": {"uv": [30, 0], "uv_size": [30, 1]},
								"down": {"uv": [30, 2], "uv_size": [30, -1]}
							}
						}
					]
				}
			]
		}
	]
}