{
	"format_version": "1.19.0",
	"minecraft:geometry": [
		{
			"description": {
				"identifier": "geometry.bar_light",
				"texture_width": 64,
				"texture_height": 64,
				"visible_bounds_width": 2,
				"visible_bounds_height": 2.5,
				"visible_bounds_offset": [0, 0.75, 0]
			},
			"bones": [
				{
					"name": "bar_light",
					"pivot": [0, 0, 0],
					"cubes": [
						{
							"origin": [-6, 14, -6],
							"size": [12, 2, 12],
							"uv": {
								"north": {"uv": [12, 20], "uv_size": [12, 2]},
								"east": {"uv": [22, 0], "uv_size": [12, 2]},
								"south": {"uv": [22, 2], "uv_size": [12, 2]},
								"west": {"uv": [22, 4], "uv_size": [12, 2]},
								"up": {"uv": [0, 0], "uv_size": [12, 12]},
								"down": {"uv": [0, 24], "uv_size": [12, -12]}
							}
						},
						{
							"origin": [-5, 13, -5],
							"size": [10, 1, 10],
							"uv": {
								"north": {"uv": [22, 6], "uv_size": [10, 1]},
								"east": {"uv": [22, 7], "uv_size": [10, 1]},
								"south": {"uv": [22, 8], "uv_size": [10, 1]},
								"west": {"uv": [22, 9], "uv_size": [10, 1]},
								"up": {"uv": [12, 0], "uv_size": [10, 10]},
								"down": {"uv": [12, 20], "uv_size": [10, -10]}
							}
						}
					]
				}
			]
		}
	]
}