{
	"format_version": "1.19.0",
	"minecraft:geometry": [
		{
			"description": {
				"identifier": "geometry.conveyor",
				"texture_width": 64,
				"texture_height": 64,
				"visible_bounds_width": 2,
				"visible_bounds_height": 2.5,
				"visible_bounds_offset": [0, 0.75, 0]
			},
			"bones": [
				{
					"name": "block",
					"pivot": [0, 0, 0],
					"rotation": [0, 90, 0],
					"cubes": [
						{
							"origin": [-7, 0, -8],
							"size": [1, 13, 16],
							"uv": {
								"north": {"uv": [16, 27], "uv_size": [1, 6]},
								"east": {"uv": [0, 12], "uv_size": [14, 6]},
								"south": {"uv": [17, 27], "uv_size": [1, 6]},
								"west": {"uv": [14, 12], "uv_size": [14, 6]},
								"up": {"uv": [12, 24], "uv_size": [1, 14]},
								"down": {"uv": [13, 38], "uv_size": [1, -14]}
							}
						},
						{
							"origin": [-8, 13, -8],
							"size": [3, 1, 16],
							"uv": {
								"north": {"uv": [26, 27], "uv_size": [3, 1]},
								"east": {"uv": [20, 8], "uv_size": [12, 1]},
								"south": {"uv": [28, 12], "uv_size": [3, 1]},
								"west": {"uv": [20, 9], "uv_size": [12, 1]},
								"up": {"uv": [0, 24], "uv_size": [3, 12]},
								"down": {"uv": [3, 36], "uv_size": [3, -12]}
							}
						},
						{
							"origin": [5, 13, -8],
							"size": [3, 1, 16],
							"uv": {
								"north": {"uv": [28, 13], "uv_size": [3, 1]},
								"east": {"uv": [20, 10], "uv_size": [12, 1]},
								"south": {"uv": [28, 14], "uv_size": [3, 1]},
								"west": {"uv": [20, 11], "uv_size": [12, 1]},
								"up": {"uv": [6, 24], "uv_size": [3, 12]},
								"down": {"uv": [9, 36], "uv_size": [3, -12]}
							}
						},
						{
							"origin": [-6, 12, -8],
							"size": [12, 1, 16],
							"uv": {
								"north": {"uv": [16, 26], "uv_size": [10, 1]},
								"east": {"uv": [16, 24], "uv_size": [12, 1]},
								"south": {"uv": [26, 26], "uv_size": [10, 1]},
								"west": {"uv": [16, 25], "uv_size": [12, 1]},
								"up": {"uv": [52, 48], "uv_size": [12, 16]},
								"down": {"uv": [10, 12], "uv_size": [10, -12]}
							}
						},
						{
							"origin": [6, 0, -8],
							"size": [1, 13, 16],
							"uv": {
								"north": {"uv": [18, 27], "uv_size": [1, 6]},
								"east": {"uv": [0, 18], "uv_size": [14, 6]},
								"south": {"uv": [19, 27], "uv_size": [1, 6]},
								"west": {"uv": [14, 18], "uv_size": [14, 6]},
								"up": {"uv": [14, 24], "uv_size": [1, 14]},
								"down": {"uv": [15, 38], "uv_size": [1, -14]}
							}
						}
					]
				}
			]
		}
	]
}