{
	"format_version": "1.12.0",
	"minecraft:geometry": [
		{
			"description": {
				"identifier": "geometry.shop_shelf_right",
				"texture_width": 128,
				"texture_height": 128,
				"visible_bounds_width": 2,
				"visible_bounds_height": 2.5,
				"visible_bounds_offset": [0, 0.75, 0]
			},
			"bones": [
				{
					"name": "block",
					"pivot": [0, 0, 0],
					"cubes": [
						{
							"origin": [-8, 0, -8],
							"size": [16, 2, 14],
							"uv": {
								"north": {"uv": [46, 48], "uv_size": [16, 2]},
								"east": {"uv": [52, 42], "uv_size": [14, 2]},
								"south": {"uv": [49, 0], "uv_size": [16, 2]},
								"west": {"uv": [52, 44], "uv_size": [14, 2]},
								"up": {"uv": [16, 0], "uv_size": [16, 14]},
								"down": {"uv": [16, 28], "uv_size": [16, -14]}
							}
						},
						{
							"origin": [-8, 0, 6],
							"size": [16, 16, 2],
							"uv": {
								"north": {"uv": [0, 0], "uv_size": [16, 16]},
								"east": {"uv": [12, 46], "uv_size": [2, 16]},
								"south": {"uv": [0, 16], "uv_size": [16, 16]},
								"west": {"uv": [14, 46], "uv_size": [2, 16]},
								"up": {"uv": [49, 2], "uv_size": [16, 2]},
								"down": {"uv": [49, 6], "uv_size": [16, -2]}
							}
						},
						{
							"origin": [-8, 8, -8],
							"size": [16, 2, 14],
							"uv": {
								"north": {"uv": [16, 49], "uv_size": [16, 2]},
								"east": {"uv": [46, 52], "uv_size": [14, 2]},
								"south": {"uv": [46, 50], "uv_size": [16, 2]},
								"west": {"uv": [52, 46], "uv_size": [14, 2]},
								"up": {"uv": [16, 28], "uv_size": [16, 14]},
								"down": {"uv": [0, 46], "uv_size": [16, -14]}
							}
						},
						{
							"origin": [-8, 10, 0],
							"size": [6, 6, 6],
							"uv": {
								"north": {"uv": [42, 6], "uv_size": [6, 6]},
								"east": {"uv": [40, 42], "uv_size": [6, 6]},
								"south": {"uv": [0, 46], "uv_size": [6, 6]},
								"west": {"uv": [6, 46], "uv_size": [6, 6]},
								"up": {"uv": [46, 42], "uv_size": [6, 6]},
								"down": {"uv": [47, 42], "uv_size": [6, -6]}
							}
						},
						{
							"origin": [-8, 10, -6],
							"size": [6, 6, 6],
							"uv": {
								"north": {"uv": [48, 6], "uv_size": [6, 6]},
								"east": {"uv": [48, 12], "uv_size": [6, 6]},
								"south": {"uv": [48, 18], "uv_size": [6, 6]},
								"west": {"uv": [48, 24], "uv_size": [6, 6]},
								"up": {"uv": [48, 30], "uv_size": [6, 6]},
								"down": {"uv": [40, 54], "uv_size": [6, -6]}
							}
						},
						{
							"origin": [-2, 10, -3],
							"size": [3, 6, 9],
							"uv": {
								"north": {"uv": [36, 53], "uv_size": [3, 6]},
								"east": {"uv": [39, 12], "uv_size": [9, 6]},
								"south": {"uv": [53, 36], "uv_size": [3, 6]},
								"west": {"uv": [39, 18], "uv_size": [9, 6]},
								"up": {"uv": [7, 52], "uv_size": [3, 9]},
								"down": {"uv": [31, 62], "uv_size": [3, -9]}
							}
						},
						{
							"origin": [1, 10, -2],
							"size": [7, 4, 8],
							"uv": {
								"north": {"uv": [24, 51], "uv_size": [7, 4]},
								"east": {"uv": [32, 49], "uv_size": [8, 4]},
								"south": {"uv": [0, 52], "uv_size": [7, 4]},
								"west": {"uv": [16, 51], "uv_size": [8, 4]},
								"up": {"uv": [32, 12], "uv_size": [7, 8]},
								"down": {"uv": [32, 28], "uv_size": [7, -8]}
							}
						},
						{
							"origin": [6, 2, -4],
							"size": [2, 6, 10],
							"uv": {
								"north": {"uv": [54, 14], "uv_size": [2, 6]},
								"east": {"uv": [32, 0], "uv_size": [10, 6]},
								"south": {"uv": [54, 20], "uv_size": [2, 6]},
								"west": {"uv": [32, 6], "uv_size": [10, 6]},
								"up": {"uv": [10, 52], "uv_size": [2, 10]},
								"down": {"uv": [34, 63], "uv_size": [2, -10]}
							}
						},
						{
							"origin": [-8, 2, -1],
							"size": [8, 6, 7],
							"uv": {
								"north": {"uv": [40, 24], "uv_size": [8, 6]},
								"east": {"uv": [40, 36], "uv_size": [7, 6]},
								"south": {"uv": [40, 30], "uv_size": [8, 6]},
								"west": {"uv": [42, 0], "uv_size": [7, 6]},
								"up": {"uv": [32, 28], "uv_size": [8, 7]},
								"down": {"uv": [32, 42], "uv_size": [8, -7]}
							}
						},
						{
							"origin": [0, 2, 1],
							"size": [6, 2, 5],
							"uv": {
								"north": {"uv": [54, 26], "uv_size": [6, 2]},
								"east": {"uv": [54, 6], "uv_size": [7, 2]},
								"south": {"uv": [54, 28], "uv_size": [6, 2]},
								"west": {"uv": [54, 8], "uv_size": [7, 2]},
								"up": {"uv": [16, 42], "uv_size": [6, 7]},
								"down": {"uv": [22, 49], "uv_size": [6, -7]}
							}
						},
						{
							"origin": [0, 4, 1],
							"size": [6, 2, 5],
							"uv": {
								"north": {"uv": [54, 30], "uv_size": [6, 2]},
								"east": {"uv": [54, 10], "uv_size": [7, 2]},
								"south": {"uv": [54, 32], "uv_size": [6, 2]},
								"west": {"uv": [54, 12], "uv_size": [7, 2]},
								"up": {"uv": [28, 42], "uv_size": [6, 7]},
								"down": {"uv": [34, 49], "uv_size": [6, -7]}
							}
						},
						{
							"origin": [-6, 5, -11],
							"size": [4, 2, 1],
							"pivot": [0, 0, 0],
							"rotation": [-20, 0, 0],
							"uv": {
								"north": {"uv": [0, 127], "uv_size": [1, 1]},
								"east": {"uv": [128, 121], "uv_size": [0, 2]},
								"south": {"uv": [0, 128], "uv_size": [1, -1]},
								"west": {"uv": [0, 127], "uv_size": [1, 1]},
								"up": {"uv": [1, 127], "uv_size": [-1, 1]},
								"down": {"uv": [1, 128], "uv_size": [-1, -1]}
							}
						},
						{
							"origin": [2, 5, -11],
							"size": [4, 2, 1],
							"pivot": [8, 0, 0],
							"rotation": [-20, 0, 0],
							"uv": {
								"north": {"uv": [0, 127], "uv_size": [1, 1]},
								"east": {"uv": [0, 127], "uv_size": [1, 1]},
								"south": {"uv": [0, 127], "uv_size": [1, 1]},
								"west": {"uv": [0, 127], "uv_size": [1, 1]},
								"up": {"uv": [1, 128], "uv_size": [-1, -1]},
								"down": {"uv": [1, 128], "uv_size": [-1, -1]}
							}
						},
						{
							"origin": [2, -2.5, -8.5],
							"size": [4, 2, 1],
							"pivot": [8, 0, 0],
							"rotation": [-20, 0, 0],
							"uv": {
								"north": {"uv": [0, 127], "uv_size": [1, 1]},
								"east": {"uv": [0, 127], "uv_size": [1, 1]},
								"south": {"uv": [0, 127], "uv_size": [1, 1]},
								"west": {"uv": [0, 127], "uv_size": [1, 1]},
								"up": {"uv": [1, 128], "uv_size": [-1, -1]},
								"down": {"uv": [1, 128], "uv_size": [-1, -1]}
							}
						},
						{
							"origin": [-6, -2.5, -8.5],
							"size": [4, 2, 1],
							"pivot": [8, 0, 0],
							"rotation": [-20, 0, 0],
							"uv": {
								"north": {"uv": [0, 128], "uv_size": [1, -1]},
								"east": {"uv": [0, 127], "uv_size": [1, 1]},
								"south": {"uv": [0, 127], "uv_size": [1, 1]},
								"west": {"uv": [0, 127], "uv_size": [1, 1]},
								"up": {"uv": [1, 128], "uv_size": [-1, -1]},
								"down": {"uv": [1, 128], "uv_size": [-1, -1]}
							}
						}
					]
				}
			]
		}
	]
}