{
	"format_version": "1.19.0",
	"minecraft:geometry": [
		{
			"description": {
				"identifier": "geometry.tunnel_light_south",
				"texture_width": 64,
				"texture_height": 64,
				"visible_bounds_width": 3,
				"visible_bounds_height": 2.5,
				"visible_bounds_offset": [0, 0.75, 0]
			},
			"bones": [
				{
					"name": "block",
					"pivot": [0, 1, 0],
					"rotation": [0, 180, 0],
					"cubes": [
						{
							"origin": [-8, -1, 1.9],
							"size": [16, 19, 7],
							"pivot": [0, 0, 0],
							"rotation": [32.5, 0, 0],
							"uv": {
								"north": {"uv": [0, 0], "uv_size": [16, 19]},
								"east": {"uv": [32, 0], "uv_size": [7, 19]},
								"south": {"uv": [16, 0], "uv_size": [16, 19]},
								"west": {"uv": [32, 19], "uv_size": [7, 19]},
								"up": {"uv": [0, 35], "uv_size": [16, 7]},
								"down": {"uv": [16, 42], "uv_size": [16, -7]}
							}
						},
						{
							"origin": [-5, 6, 0.9],
							"size": [10, 6, 1],
							"pivot": [0, 0, 0],
							"rotation": [32.5, 0, 0],
							"uv": {
								"north": {"uv": [3, 6], "uv_size": [10, 6]},
								"east": {"uv": [13, 11], "uv_size": [-10, 1]},
								"south": {"uv": [12, 6], "uv_size": [1, 4]},
								"west": {"uv": [12, 6], "uv_size": [1, 6]},
								"up": {"uv": [3, 6], "uv_size": [9, 1]},
								"down": {"uv": [3, 12], "uv_size": [1, -5]}
							}
						},
						{
							"origin": [-8, 0, 1.9],
							"size": [16, 16, 6],
							"uv": {
								"north": {"uv": [0, 19], "uv_size": [16, 16]},
								"east": {"uv": [32, 38], "uv_size": [6, 16]},
								"south": {"uv": [16, 19], "uv_size": [16, 16]},
								"west": {"uv": [38, 38], "uv_size": [6, 16]},
								"up": {"uv": [39, 0], "uv_size": [16, 6]},
								"down": {"uv": [39, 12], "uv_size": [16, -6]}
							}
						},
						{
							"origin": [-8, 13, -0.1],
							"size": [16, 3, 2],
							"uv": {
								"north": {"uv": [39, 12], "uv_size": [16, 3]},
								"east": {"uv": [39, 22], "uv_size": [2, 3]},
								"south": {"uv": [39, 15], "uv_size": [16, 3]},
								"west": {"uv": [39, 25], "uv_size": [2, 3]},
								"up": {"uv": [39, 18], "uv_size": [16, 2]},
								"down": {"uv": [39, 22], "uv_size": [16, -2]}
							}
						}
					]
				}
			]
		}
	]
}