{
	"format_version": "1.12.0",
	"minecraft:geometry": [
		{
			"description": {
				"identifier": "geometry.boss",
				"texture_width": 64,
				"texture_height": 64,
				"visible_bounds_width": 1.5,
				"visible_bounds_height": 2.5,
				"visible_bounds_offset": [0, 0.5, 0]
			},
			"bones": [
				{
					"name": "baseplate",
					"pivot": [0, 24, 0],
					"cubes": [
						{
							"origin": [-6, 0, -6],
							"size": [12, 1, 12],
							"uv": [0, 32]
						}
					]
				},
				{
					"name": "waist",
					"parent": "baseplate",
					"pivot": [0, 12, 0],
					"cubes": [
						{
							"origin": [-4, 12, -2],
							"size": [8, 12, 4],
							"uv": [16, 32],
							"inflate": 0.5
						}
					]
				},
				{
					"name": "body",
					"parent": "waist",
					"pivot": [0, 24, 0],
					"cubes": [
						{
							"origin": [-6, 21, -1.5],
							"size": [12, 3, 3],
							"uv": [0, 26],
							"inflate": 0.5
						},
						{
							"origin": [-3, 14, -1],
							"size": [2, 7, 2],
							"uv": [16, 0]
						},
						{
							"origin": [1, 14, -1],
							"size": [2, 7, 2],
							"uv": [48, 16]
						},
						{
							"origin": [-4, 12, -1],
							"size": [8, 2, 2],
							"uv": [0, 48]
						}
					]
				},
				{
					"name": "head",
					"parent": "body",
					"pivot": [0, 24, 0],
					"cubes": [
						{
							"origin": [-1, 24, -1],
							"size": [2, 7, 2],
							"uv": [0, 0],
							"inflate": 1
						}
					]
				},
				{
					"name": "hat",
					"parent": "head",
					"pivot": [0, 24, 0],
					"cubes": [
						{
							"origin": [-4, 24, -4],
							"size": [8, 8, 8],
							"uv": [32, 0]
						}
					]
				},
				{
					"name": "leftarm",
					"parent": "body",
					"pivot": [5, 22, 0],
					"cubes": [
						{
							"origin": [5, 12, -1],
							"size": [2, 12, 2],
							"uv": [32, 16],
							"mirror": true
						}
					],
					"mirror": true
				},
				{
					"name": "leftitem",
					"parent": "leftarm",
					"pivot": [6, 15, 1],
					"cubes": [
						{
							"origin": [-7, 12, -2],
							"size": [4, 12, 4],
							"uv": [48, 48],
							"inflate": 0.5
						}
					]
				},
				{
					"name": "leftleg",
					"parent": "body",
					"pivot": [1.9, 12, 0],
					"cubes": [
						{
							"origin": [0.9, 1, -1],
							"size": [2, 11, 2],
							"uv": [40, 16],
							"inflate": 0.5,
							"mirror": true
						}
					],
					"mirror": true
				},
				{
					"name": "rightarm",
					"parent": "body",
					"pivot": [-5, 22, 0],
					"cubes": [
						{
							"origin": [-7, 12, -1],
							"size": [2, 12, 2],
							"uv": [24, 0]
						}
					]
				},
				{
					"name": "rightitem",
					"parent": "rightarm",
					"pivot": [-6, 15, 1],
					"cubes": [
						{
							"origin": [0.05, 0, -2],
							"size": [4, 12, 4],
							"uv": [32, 48],
							"mirror": true
						}
					]
				},
				{
					"name": "rightleg",
					"parent": "body",
					"pivot": [-1.9, 12, 0],
					"cubes": [
						{
							"origin": [-2.9, 1, -1],
							"size": [2, 11, 2],
							"uv": [8, 0],
							"inflate": 0.25
						}
					]
				},
				{
					"name": "leftPants",
					"parent": "leftLeg",
					"pivot": [1.9, 12, 0],
					"cubes": [
						{
							"origin": [0.25, 0, -2],
							"size": [4, 12, 4],
							"uv": [0, 32],
							"inflate": 0.25,
							"mirror": true
						}
					]
				},
				{
					"name": "waist",
					"parent": "body",
					"pivot": [0, 12, 0]
				},
				{
					"name": "rightItem",
					"parent": "rightArm",
					"pivot": [-6, 15, 1]
				},
				{
					"name": "leftItem",
					"parent": "leftArm",
					"pivot": [6, 15, 1]
				}
			]
		}
	]
}